URL ,contains_video
https://spectacularnwt.com/story/what-lies-beneath,
https://spectacularnwt.com/story/paddling-mountain-river-canadas-iconic-whitewater-canoeing-adventure,
https://spectacularnwt.com/story/par-north,
https://spectacularnwt.com/what-to-do/fishing/arctic-char,
https://spectacularnwt.com/story/itinerary-escape-traffic-and-take-glorious-4-day-detour-alaska-highway,
https://spectacularnwt.com/story/why-campgrounds-northwest-territories-are-better-five-star-hotel,
https://spectacularnwt.com/story/big-picture-shutterbugs-delight-petersons-point-lake-lodge,
https://spectacularnwt.com/story/petersons-point-lake-lodge-reel-big-experience,
https://spectacularnwt.com/story/planespotting-your-guide-to-watching-bushplanes-northwest-territories,
https://spectacularnwt.com/story/itinerary-two-days-to-giver-hay-river,
https://spectacularnwt.com/story/sahtu-ancient-cultures-wild-waters-and-world-record-fish,
https://spectacularnwt.com/story/21-record-breaking-things-northwest-territories,
https://spectacularnwt.com/story/sahtu-close-comfortable,
https://spectacularnwt.com/story/midnight-sun-so-freaky-and-wild-youve-just-gotta-see-it,
https://spectacularnwt.com/story/itinerary-three-days-fantastic-fort-simpson,
https://spectacularnwt.com/story/itinerary-three-days-wood-buffalo-national-park,
https://spectacularnwt.com/story/21-serene-spaces-where-you-can-really-chill-out-northwest-territories,
https://spectacularnwt.com/story/bleeping-big-fish-nsfw-angling-northwest-territories,
https://spectacularnwt.com/story/itinerary-three-unforgettable-days-norman-wells-and-deline,
https://spectacularnwt.com/story/itinerary-inuvik-and-tuktoyaktuk-three-thrilling-days,
https://spectacularnwt.com/story/heres-27-reasons-why-paddling-northwest-territories-splash,
https://spectacularnwt.com/story/festival-goes-flow,
https://spectacularnwt.com/story/whatever-floats-your-boat-9-wild-ways-to-enjoy-water-northwest-territories,
https://spectacularnwt.com/story/check-out-colourful-soulful-churches-northwest-territories,
https://spectacularnwt.com/story/where-wild-things-are-northwest-territories,
https://spectacularnwt.com/story/going-to-dogs-northwest-territories,
https://spectacularnwt.com/story/yellow-dog-lodge-where-stories-are-made,
https://spectacularnwt.com/story/inuvik-celebrates-summer-4-events-festivals-under-arctic-midnight-sun,
https://spectacularnwt.com/story/best-fests,
https://spectacularnwt.com/story/8-greatest-things-about-great-northern-arts-festival,
https://spectacularnwt.com/story/here-are-5-most-canadian-things-you-can-do-northwest-territories-canada-day,
https://spectacularnwt.com/story/theres-place-where-monsters-are-real,
https://spectacularnwt.com/story/heres-history-and-mystery-northwest-passage,
https://spectacularnwt.com/story/how-late-do-you-have-to-stay-to-watch-sun-set-northwest-territories,
https://spectacularnwt.com/story/transfixed-lights-blachford-lake-lodge,
https://spectacularnwt.com/story/youve-never-seen-aurora,
https://spectacularnwt.com/story/itinerary-one-wild-weekend-yellowknife,
https://spectacularnwt.com/story/why-birders-flock-north,
https://spectacularnwt.com/story/15-strange-and-dangerous-places-canadas-northwest-territories,
https://spectacularnwt.com/story/gone-fishin-whole-family,
https://spectacularnwt.com/story/get-here-to-get-down-your-guide-to-norths-best-fests,
https://spectacularnwt.com/story/king-and-his-icy-castle,
https://spectacularnwt.com/story/why-aurora-awesome-summer,
https://spectacularnwt.com/story/wilderness-just-outside-big-city-doing-ingraham-trail-parks,
https://spectacularnwt.com/story/doing-south-slave-parks,
https://spectacularnwt.com/story/doing-dehcho-parks-road-trip-through-nwts-southern-playground,
https://spectacularnwt.com/story/who-we-are-gerry-kisoun-delta-trailblazer,
https://spectacularnwt.com/story/city-livin-got-you-down-make-your-wild-escape,
https://spectacularnwt.com/story/legend-deadman-valley,
https://spectacularnwt.com/story/nahanni-conservation-triumph,
https://spectacularnwt.com/story/where-each-paddling-trip-pilgrimage,
https://spectacularnwt.com/story/who-we-are-ragnar-wesstrom-king-trout-rock,
https://spectacularnwt.com/story/your-guide-to-road-less-travelled,
https://spectacularnwt.com/story/what-to-do-deline,
https://spectacularnwt.com/story/how-to-chase-aurora,
https://spectacularnwt.com/story/fall-love-food-nwt,
https://spectacularnwt.com/story/shop-til-you-drop,
https://spectacularnwt.com/story/how-to-fish-inconnu,
https://spectacularnwt.com/story/shining-light-inuvik-sunrise-festival,
https://spectacularnwt.com/story/spectacularly-quiet-wood-buffalo-national-park,
https://spectacularnwt.com/story/what-to-do-fort-smith,
https://spectacularnwt.com/story/what-to-do-fort-providence,
https://spectacularnwt.com/story/biking-to-your-liking-5-fabulous-rides-northwest-territories,
https://spectacularnwt.com/story/who-we-are-wendy-grater-river-queen,
https://spectacularnwt.com/story/alex-hall-original-river-guide,
https://spectacularnwt.com/story/who-we-are-ted-grant-nahannis-greatest-pilot-1,
https://spectacularnwt.com/story/what-to-do-hay-river-hub-north,
https://spectacularnwt.com/story/explorer-hotel-setting-new-standard-luxury,
https://spectacularnwt.com/story/seven-must-see-museums,
https://spectacularnwt.com/story/journey-through-land-and-sky-fort-smith-and-wood-buffalo-national-park,
https://spectacularnwt.com/story/what-to-do-yellowknife-winter,
https://spectacularnwt.com/story/secret-paradise,
https://spectacularnwt.com/story/sahtu-past-still-us,
https://spectacularnwt.com/story/sahtu-canoe-yahoo,
https://spectacularnwt.com/story/guide-to-rving-wild-northwest-territories,
https://spectacularnwt.com/story/why-pingos-are-norths-weirdest-landmarks,
https://spectacularnwt.com/story/these-5-flightseeing-tours-will-send-your-heart-soaring,
https://spectacularnwt.com/story/nwts-toughest-trail,
https://spectacularnwt.com/story/five-sparkling-features-canadas-diamond-capital,
https://spectacularnwt.com/story/heres-why-western-arctic-road-trip-lifetime,
https://spectacularnwt.com/story/heres-why-our-winter-fests-are-snow-fun,
https://spectacularnwt.com/story/great-lakes-deep-secrets,
https://spectacularnwt.com/story/youll-love-our-long-lines-experience-incredible-fly-fishing-canadas-northwest-territories,
https://spectacularnwt.com/story/rush-hour,
https://spectacularnwt.com/story/tundra-sharks,
https://spectacularnwt.com/story/heres-how-hot-it-gets-canadas-northwest-territories,
https://spectacularnwt.com/story/walk-wild-side-tour-old-town-canadas-weirdest-neighbourhood,
https://spectacularnwt.com/story/five-reasons-why-fishing-south-slave-hook,
https://spectacularnwt.com/story/paddling-mountain-river-canadas-iconic-whitewater-canoeing-adventure,
https://spectacularnwt.com/story/1800-kilometres-zero-portages,
https://spectacularnwt.com/story/saddle-hunt-lifetime,
https://spectacularnwt.com/story/canol-trail-one-canadas-wildest-realms,
https://spectacularnwt.com/story/hike-halfway-to-heaven,
https://spectacularnwt.com/story/keep-yellowknife-weird-six-reasons-to-love-old-town-ramble-and-ride,
https://spectacularnwt.com/story/9-reasons-northwest-territories-watery-wonderland,
https://spectacularnwt.com/story/youre-not-true-traveller-til-youve-done,
https://spectacularnwt.com/story/paddle-big-mackenzie-through-heart-sahtu,
https://spectacularnwt.com/story/wrigley-calling-drive-norths-unsung-highway,
https://spectacularnwt.com/story/discover-northwest-territories-soaring-flightseeing-tour,
https://spectacularnwt.com/story/follow-first-ever-highway-to-arctic-ocean,
https://spectacularnwt.com/story/why-hay-rivers-pond-hockey-tournament-greatest-show-ice,
https://spectacularnwt.com/story/four-exciting-ways-to-explore-dehcho-region,
https://spectacularnwt.com/story/bannock-norths-comfort-food,
https://spectacularnwt.com/story/7-slick-reasons-to-experience-legendary-ice-roads-northwest-territories,
https://spectacularnwt.com/story/hot-happenings-coolest-capital,
https://spectacularnwt.com/story/picture-our-perfect-waterside-parks,
https://spectacularnwt.com/story/meet-huskies-thatll-make-you-howl,
https://spectacularnwt.com/story/drive-to-end-road,
https://spectacularnwt.com/story/camping-arctic-autumn-how-to-guide,
https://spectacularnwt.com/story/15-reasons-youll-fall-autumn-canadas-northwest-territories,
https://spectacularnwt.com/story/how-to-ice-fish,
https://spectacularnwt.com/story/day-blachford-lake-lodge,
https://spectacularnwt.com/story/seven-ways-hay-river-will-inspire-you,
https://spectacularnwt.com/story/try-tuktoyaktuk-or-tuk-its-residents-would-say,
https://spectacularnwt.com/story/photographing-aurora-blachford-lake-lodge,
https://spectacularnwt.com/story/guide-to-lutsel-ke,
https://spectacularnwt.com/story/itinerary-drive-to-arctic-ocean-and-celebrate-these-lovely-folks,
https://spectacularnwt.com/story/santas-reindeer-are-real-and-they-live-northwest-territories,
https://spectacularnwt.com/story/10-spectacular-selfies-our-parks-will-make-your-followers-jealous,
https://spectacularnwt.com/story/19-things-you-definitely-do-not-want-to-do-canadas-northwest-territories,
https://spectacularnwt.com/story/big-city-lights-experience-worlds-best-aurora,
https://spectacularnwt.com/story/team-building,
https://spectacularnwt.com/story/five-reasons-to-visit-fort-smith,
https://spectacularnwt.com/story/northwest-territories-has-big-bison-no-bull,
https://spectacularnwt.com/story/pay-homage-to-sacred-gathering-place-now-worlds-tallest-teepee,
https://spectacularnwt.com/story/9-reasons-mighty-mackenzie-canadas-coolest-waterway,
https://spectacularnwt.com/story/traffic-jams,
https://spectacularnwt.com/story/skyscrapers,
https://spectacularnwt.com/story/log-parks,
https://spectacularnwt.com/story/networking,
https://spectacularnwt.com/story/six-must-do-stops-wood-buffalo-route,
https://spectacularnwt.com/story/7-remarkable-reasons-why-northwest-territories-has-finest-auroras-earth,
https://spectacularnwt.com/story/land-spectacular-waterfalls,
https://spectacularnwt.com/story/12-cool-ways-to-make-tracks-nwt,
https://spectacularnwt.com/story/8-bright-reasons-to-get-starry-eyed-dark-sky-festival-fort-smith,
https://spectacularnwt.com/story/where-tweeting-birds,
https://spectacularnwt.com/story/best-beaches-northwest-territories-summer,
https://spectacularnwt.com/story/its-better-barrenlands,
https://spectacularnwt.com/story/cool-highways-4-awesome-ice-roads-northwest-territories,
https://spectacularnwt.com/story/nwt-canadian-signature-experiences,
https://spectacularnwt.com/story/snake-orgy-were-serious,
https://spectacularnwt.com/story/peak-no-name,
https://spectacularnwt.com/story/how-to-have-ultimate-long-weekend-nwt-style,
https://spectacularnwt.com/story/driving-most-extreme-machine,
https://spectacularnwt.com/story/paddle-through-paradise,
https://spectacularnwt.com/story/capturing-magic-aurora,
https://spectacularnwt.com/story/where-nice-comes-territory-reuniting-charles-his-best-friend,
https://spectacularnwt.com/story/afraid-heights-dont-travel-here,
https://spectacularnwt.com/story/where-nice-comes-territory-good-guide-ready-anything,
https://spectacularnwt.com/story/where-nice-comes-territory-khoan-phams-spectacular-journey,
https://spectacularnwt.com/story/5-best-things-about-folk-rocks,
https://spectacularnwt.com/story/norths-hidden-masterpieces,
https://spectacularnwt.com/story/why-great-bear-now-even-greater,
https://spectacularnwt.com/story/window-northern-life,
https://spectacularnwt.com/story/tlicho-online-store,
https://spectacularnwt.com/story/northern-myths-north-too-far-away,
https://spectacularnwt.com/story/what-lies-beneath,
https://spectacularnwt.com/story/out-land-nwt,
https://spectacularnwt.com/story/indigenous-stories-aurora-village,
https://spectacularnwt.com/story/indigenous-stories-narwal-northern-adventures,
https://spectacularnwt.com/story/indigenous-stories-tundra-north-tours,
https://spectacularnwt.com/story/learning-and-connecting-through-art,
https://spectacularnwt.com/story/10-magical-moments-under-midnight-sun,
https://spectacularnwt.com/story/yellowknife-winter-city,
https://spectacularnwt.com/story/par-north,
https://spectacularnwt.com/story/giving-gift-northern-lights,
https://spectacularnwt.com/story/falling-waterfalls,
https://spectacularnwt.com/story/step-rhythms-land,
https://spectacularnwt.com/story/eight-timeless-and-exquisite-traditional-arts-northwest-territories,
https://spectacularnwt.com/story/5-mind-blowing-wonders-nahanni,
https://spectacularnwt.com/story/wood-buffalo-big-park-no-bull,
https://spectacularnwt.com/story/big-fish-make-better-fish-stories,
https://spectacularnwt.com/story/water-slide-grownups-keele-river-heart-northwest-territories,
https://spectacularnwt.com/story/sorry-about-sleep-deprivation,
https://spectacularnwt.com/story/yellowknife-heres-what-not-to-miss,
https://spectacularnwt.com/story/western-arctic-heres-what-not-to-miss,
https://spectacularnwt.com/story/sahtu-heres-what-not-to-miss,
https://spectacularnwt.com/story/dehcho-heres-what-not-to-miss,
https://spectacularnwt.com/story/who-are-we-your-pocket-guide-to-northwest-territories,
https://spectacularnwt.com/story/winter,
https://spectacularnwt.com/story/bet-you-didnt-expect-to-find-north,
https://spectacularnwt.com/story/where-nice-comes-territory-violin-concerto-unlikeliest-places,
https://spectacularnwt.com/story/take-trip-back-time,
https://spectacularnwt.com/story/pass-through-portal-to-barrens,
https://spectacularnwt.com/story/12-unforgettable-months-wild-wide-open-and-wonderful-northwest-territories,
https://spectacularnwt.com/story/no-roads-no-problem,
https://spectacularnwt.com/story/come-ride-wildest-waves,
https://spectacularnwt.com/story/wolves-versus-buffalo-who-will-win,
https://spectacularnwt.com/story/nine-great-ways-to-get-taste-northwest-territories,
https://spectacularnwt.com/story/where-nice-comes-territory-phone-call-wild,
https://spectacularnwt.com/story/one-river-guides-photographic-memory,
https://spectacularnwt.com/story/7-reasons-why-people-nwt-cant-wait-winter,
https://spectacularnwt.com/story/driving-great-adventure-wild-dempster-highway,
https://spectacularnwt.com/story/trek-park-less-travelled,
https://spectacularnwt.com/story/witness-art-ancients-0,
https://spectacularnwt.com/story/roadtrippin-to-see-lights,
https://spectacularnwt.com/story/aurora-hot-summer,
https://spectacularnwt.com/story/whats-to-love,
https://spectacularnwt.com/story/quiz-match-original-name-european-one,
https://spectacularnwt.com/story/why-to-go-wild-naatsihchoh,
https://spectacularnwt.com/story/10-phenomenal-falls,
https://spectacularnwt.com/story/nahanni-will-challenge-you-and-change-you,
https://spectacularnwt.com/story/where-to-sleep-log-nwts-rustic-frontier,
https://spectacularnwt.com/story/19-reasons-to-see-great-slave-lake,
https://spectacularnwt.com/story/5-amazing-places-you-can-stay-wont-want-to-leave,
https://spectacularnwt.com/story/11-top-world-trails-northwest-territories,
https://spectacularnwt.com/story/wifi-or-wildlife-finding-nwt-campground-thats-right-you,
https://spectacularnwt.com/story/know-your-fartknocker-your-lunker-nwt-fishing-vocabulary,
https://spectacularnwt.com/story/7-remarkable-reasons-why-northwest-territories-has-finest-northern-lights-earth,
https://spectacularnwt.com/story/spotting-norths-most-iconic-animals-easiest-to-hardest,
https://spectacularnwt.com/story/northwest-territories-road-trip-southern-style,
https://spectacularnwt.com/story/heres-why-northwest-territories-has-best-northern-lights,
https://spectacularnwt.com/story/how-holidays-are-celebrated-santas-neighbourhood,
https://spectacularnwt.com/story/come-to-nwt-year-and-stay-lifetime,
https://spectacularnwt.com/story/indigenous-peoples-day-across-nwt,
https://spectacularnwt.com/story/northern-myths-aurora-only-visible-winter,
https://spectacularnwt.com/story/why-aulavik-national-park-charts,
https://spectacularnwt.com/story/pick-your-park-guide-to-nwts-national-parks,
https://spectacularnwt.com/story/paddling-wake-voyageurs,
https://spectacularnwt.com/story/there-anything-more-romantic-northern-lights,
https://spectacularnwt.com/story/northern-myths-theres-nothing-to-do-winter,
https://spectacularnwt.com/story/fish-tales-my-biggest-pike-yet,
https://spectacularnwt.com/story/what-to-do-fort-good-hope,
https://spectacularnwt.com/story/what-to-do-norman-wells,
https://spectacularnwt.com/story/what-to-do-colville-lake,
https://spectacularnwt.com/story/dehcho-roadtrip,
https://spectacularnwt.com/story/what-to-do-tulita,
https://spectacularnwt.com/story/big-thrills-big-river-land,
https://spectacularnwt.com/story/must-see-festivals-south-slave,
https://spectacularnwt.com/story/naka-festival-celebration-aurora-and-culture,
https://spectacularnwt.com/story/why-nwt-should-be-every-canadians-must-see-list,
https://spectacularnwt.com/story/when-to-visit,
https://spectacularnwt.com/story/rollin-ice-road,
https://spectacularnwt.com/story/23-best-things-about-summer-north,
https://spectacularnwt.com/story/how-magical-northern-lights-nwt-inspired-musical-masterpiece,
https://spectacularnwt.com/story/best-72-hours-youll-ever-have-yellowknife,
https://spectacularnwt.com/story/thaidene-nene-newest-national-park,
https://spectacularnwt.com/story/wind-your-sails,
https://spectacularnwt.com/story/reliance-brink-barrens,
https://spectacularnwt.com/story/flower-power,
https://spectacularnwt.com/story/rediscovering-lost-patrol,
https://spectacularnwt.com/story/5-things-not-to-miss-naka-festival,
https://spectacularnwt.com/story/5-things-to-do-during-day-after-watching-northern-lights-all-night,
https://spectacularnwt.com/story/northern-lights-numbers,
https://spectacularnwt.com/story/lights-and-long-awaited-sunrise,
https://spectacularnwt.com/story/it-changes-you-how-river-adventure-nwt-more-just-physical-journey,
https://spectacularnwt.com/story/it-changes-you-northwest-territories-takes-romantic-getaways-literally,
https://spectacularnwt.com/story/sash-their-own,
https://spectacularnwt.com/story/travelling-deep-denendeh-land-people,
https://spectacularnwt.com/story/time-tropicana-lit-arctic-night,
https://spectacularnwt.com/story/ice-road-to-discovery,
https://spectacularnwt.com/story/come-witness-western-arctics-great-reindeer-migration,
https://spectacularnwt.com/story/why-hockey-more-game-northwest-territories,
https://spectacularnwt.com/story/why-northwest-territories-keeps-me-coming-back,
https://spectacularnwt.com/story/town-top-world,